id,label
left_2016_12_01_13_38_04_515,16
center_2016_12_01_13_46_26_346,14
left_2016_12_01_13_38_54_490,17
right_2016_12_01_13_43_01_554,10
center_2016_12_01_13_34_07_566,19
center_2016_12_01_13_42_29_007,11
right_2016_12_01_13_37_02_110,14
left_2016_12_01_13_39_20_649,20
center_2016_12_01_13_36_30_360,17
right_2016_12_01_13_34_23_848,16
left_2016_12_01_13_37_27_625,20
center_2016_12_01_13_37_55_353,16
center_2016_12_01_13_44_58_292,15
center_2016_12_01_13_39_19_630,17
right_2016_12_01_13_37_53_629,13
center_2016_12_01_13_37_26_307,13
right_2016_12_01_13_43_54_296,8
left_2016_12_01_13_37_50_178,15
center_2016_12_01_13_45_17_861,11
right_2016_12_01_13_41_43_657,11
right_2016_12_01_13_38_04_515,11
left_2016_12_01_13_46_32_547,20
left_2016_12_01_13_42_53_524,15
right_2016_12_01_13_32_47_695,12
center_2016_12_01_13_34_49_392,17
left_2016_12_01_13_36_55_949,22
right_2016_12_01_13_33_28_278,13
left_2016_12_01_13_37_41_560,20
left_2016_12_01_13_35_43_858,18
center_2016_12_01_13_37_56_470,15
right_2016_12_01_13_36_42_249,8
left_2016_12_01_13_40_59_789,17
left_2016_12_01_13_38_26_299,17
right_2016_12_01_13_33_05_599,5
right_2016_12_01_13_36_57_464,13
right_2016_12_01_13_41_19_341,14
left_2016_12_01_13_35_50_644,20
center_2016_12_01_13_38_22_253,23
left_2016_12_01_13_37_20_123,20
right_2016_12_01_13_35_26_882,15
left_2016_12_01_13_37_19_512,23
left_2016_12_01_13_44_49_215,15
right_2016_12_01_13_40_58_067,11
center_2016_12_01_13_32_43_457,14
right_2016_12_01_13_38_20_939,14
left_2016_12_01_13_39_40_396,20
right_2016_12_01_13_33_39_340,14
right_2016_12_01_13_37_14_041,13
center_2016_12_01_13_42_16_827,16
left_2016_12_01_13_38_48_583,17
right_2016_12_01_13_35_03_271,20
left_2016_12_01_13_37_40_854,16
left_2016_12_01_13_45_13_019,18
left_2016_12_01_13_43_57_747,15
right_2016_12_01_13_45_23_533,12
left_2016_12_01_13_35_21_878,18
center_2016_12_01_13_34_35_017,18
left_2016_12_01_13_39_44_043,19
center_2016_12_01_13_37_55_656,14
center_2016_12_01_13_34_46_658,15
right_2016_12_01_13_36_50_577,11
right_2016_12_01_13_45_36_699,13
center_2016_12_01_13_38_18_712,10
center_2016_12_01_13_42_18_143,17
right_2016_12_01_13_35_24_534,10
left_2016_12_01_13_36_27_619,20
center_2016_12_01_13_42_24_553,16
left_2016_12_01_13_38_09_075,14
center_2016_12_01_13_35_17_112,14
right_2016_12_01_13_42_00_459,5
left_2016_12_01_13_37_48_554,16
right_2016_12_01_13_45_56_889,12
center_2016_12_01_13_42_51_289,14
left_2016_12_01_13_38_00_553,20
left_2016_12_01_13_44_28_268,13
left_2016_12_01_13_41_50_429,15
right_2016_12_01_13_46_00_418,10
center_2016_12_01_13_33_43_491,17
center_2016_12_01_13_37_15_762,17
left_2016_12_01_13_46_37_410,16
center_2016_12_01_13_45_37_003,13
center_2016_12_01_13_33_10_479,15
center_2016_12_01_13_33_09_765,15
left_2016_12_01_13_33_44_708,17
right_2016_12_01_13_32_46_486,11
center_2016_12_01_13_33_53_864,11
center_2016_12_01_13_36_24_972,18
center_2016_12_01_13_38_50_615,20
center_2016_12_01_13_37_44_905,12
center_2016_12_01_13_38_00_144,17
left_2016_12_01_13_36_37_072,27
right_2016_12_01_13_33_45_117,18
center_2016_12_01_13_34_20_600,17
center_2016_12_01_13_33_20_597,16
right_2016_12_01_13_33_54_171,8
left_2016_12_01_13_39_29_239,19
left_2016_12_01_13_32_49_210,17
left_2016_12_01_13_39_18_111,16
right_2016_12_01_13_45_37_712,12
center_2016_12_01_13_36_50_476,14
left_2016_12_01_13_41_04_247,13
left_2016_12_01_13_42_21_294,18
center_2016_12_01_13_42_32_650,14
left_2016_12_01_13_33_45_834,23
center_2016_12_01_13_35_53_273,20
left_2016_12_01_13_34_01_174,17
right_2016_12_01_13_42_51_490,11
left_2016_12_01_13_33_36_904,16
left_2016_12_01_13_44_46_993,20
left_2016_12_01_13_38_21_746,23
right_2016_12_01_13_36_36_663,14
right_2016_12_01_13_41_26_528,11
center_2016_12_01_13_41_45_776,12
left_2016_12_01_13_43_41_916,22
left_2016_12_01_13_35_53_678,23
center_2016_12_01_13_34_37_652,13
left_2016_12_01_13_43_44_857,22
right_2016_12_01_13_36_20_101,13
right_2016_12_01_13_45_04_998,12
right_2016_12_01_13_43_33_588,14
right_2016_12_01_13_40_48_431,9
center_2016_12_01_13_40_55_003,17
center_2016_12_01_13_46_07_010,14
center_2016_12_01_13_33_43_290,16
right_2016_12_01_13_42_58_300,14
center_2016_12_01_13_36_36_561,16
center_2016_12_01_13_45_54_051,13
right_2016_12_01_13_46_20_434,8
left_2016_12_01_13_32_48_805,13
left_2016_12_01_13_42_39_539,18
right_2016_12_01_13_34_48_278,11
right_2016_12_01_13_34_09_083,4
left_2016_12_01_13_46_10_663,20
right_2016_12_01_13_36_56_251,13
right_2016_12_01_13_43_19_666,12
right_2016_12_01_13_40_50_962,14
center_2016_12_01_13_42_12_064,13
center_2016_12_01_13_35_30_521,17
right_2016_12_01_13_35_00_334,12
left_2016_12_01_13_37_51_293,16
right_2016_12_01_13_36_30_969,13
right_2016_12_01_13_43_41_310,11
center_2016_12_01_13_45_50_205,20
right_2016_12_01_13_44_23_207,14
left_2016_12_01_13_40_53_893,19
left_2016_12_01_13_38_44_520,20
center_2016_12_01_13_34_20_197,18
center_2016_12_01_13_45_17_255,10
center_2016_12_01_13_41_06_568,12
center_2016_12_01_13_37_36_110,14
left_2016_12_01_13_45_43_091,12
left_2016_12_01_13_42_26_274,13
left_2016_12_01_13_42_58_300,17
left_2016_12_01_13_41_03_640,12
left_2016_12_01_13_32_46_285,16
center_2016_12_01_13_34_50_709,12
right_2016_12_01_13_43_01_351,11
right_2016_12_01_13_43_06_514,9
center_2016_12_01_13_42_17_030,15
center_2016_12_01_13_45_19_885,12
right_2016_12_01_13_41_05_762,12
right_2016_12_01_13_40_02_651,14
left_2016_12_01_13_40_02_651,20
right_2016_12_01_13_41_45_171,8
center_2016_12_01_13_45_13_119,13
center_2016_12_01_13_38_06_234,13
center_2016_12_01_13_33_51_122,14
left_2016_12_01_13_35_58_455,17
right_2016_12_01_13_37_55_860,13
left_2016_12_01_13_45_23_841,22
right_2016_12_01_13_45_57_090,10
left_2016_12_01_13_41_55_091,19
left_2016_12_01_13_39_38_472,20
left_2016_12_01_13_33_03_068,20
left_2016_12_01_13_43_06_817,23
right_2016_12_01_13_37_14_849,15
right_2016_12_01_13_34_23_036,14
right_2016_12_01_13_32_48_906,14
left_2016_12_01_13_41_50_124,22
right_2016_12_01_13_46_10_663,13
left_2016_12_01_13_40_45_471,18
right_2016_12_01_13_39_57_475,10
left_2016_12_01_13_39_02_107,20
center_2016_12_01_13_45_42_887,14
left_2016_12_01_13_45_02_265,17
center_2016_12_01_13_43_21_390,16
right_2016_12_01_13_41_41_631,12
right_2016_12_01_13_38_19_219,14
left_2016_12_01_13_42_18_041,15
left_2016_12_01_13_45_43_699,20
left_2016_12_01_13_45_56_183,16
right_2016_12_01_13_43_31_352,10
right_2016_12_01_13_44_23_915,11
center_2016_12_01_13_43_05_805,13
center_2016_12_01_13_33_57_010,15
left_2016_12_01_13_35_17_313,17
center_2016_12_01_13_43_57_848,12
left_2016_12_01_13_44_16_808,19
center_2016_12_01_13_37_22_660,17
right_2016_12_01_13_46_21_041,11
left_2016_12_01_13_36_31_472,22
right_2016_12_01_13_41_06_264,8
right_2016_12_01_13_38_59_461,13
left_2016_12_01_13_37_03_731,16
right_2016_12_01_13_39_14_572,14
left_2016_12_01_13_37_59_737,20
center_2016_12_01_13_39_38_574,16
left_2016_12_01_13_33_30_710,18
right_2016_12_01_13_43_57_241,12
left_2016_12_01_13_38_02_586,22
right_2016_12_01_13_34_03_209,14
left_2016_12_01_13_37_48_756,21
left_2016_12_01_13_39_11_946,16
center_2016_12_01_13_33_48_989,17
left_2016_12_01_13_44_59_113,21
right_2016_12_01_13_34_58_917,11
center_2016_12_01_13_42_06_476,11
right_2016_12_01_13_44_36_055,9
left_2016_12_01_13_35_58_961,16
center_2016_12_01_13_45_10_993,14
center_2016_12_01_13_44_10_331,14
center_2016_12_01_13_37_53_527,17
left_2016_12_01_13_35_03_271,20
left_2016_12_01_13_38_54_187,17
center_2016_12_01_13_36_56_352,19
left_2016_12_01_13_45_06_919,21
center_2016_12_01_13_35_20_155,10
right_2016_12_01_13_35_44_261,12
left_2016_12_01_13_34_30_336,20
left_2016_12_01_13_36_19_393,19
left_2016_12_01_13_32_59_023,20
center_2016_12_01_13_43_04_087,15
center_2016_12_01_13_33_18_173,17
center_2016_12_01_13_39_32_284,18
left_2016_12_01_13_43_55_817,16
center_2016_12_01_13_37_43_083,12
center_2016_12_01_13_44_24_219,14
center_2016_12_01_13_35_09_863,17
right_2016_12_01_13_41_43_758,10
center_2016_12_01_13_33_55_184,11
center_2016_12_01_13_38_46_651,27
center_2016_12_01_13_35_51_452,17
left_2016_12_01_13_34_00_668,17
center_2016_12_01_13_37_31_061,13
right_2016_12_01_13_39_32_284,16
center_2016_12_01_13_35_36_788,21
right_2016_12_01_13_42_00_559,6
left_2016_12_01_13_44_37_168,4
center_2016_12_01_13_44_04_262,11
right_2016_12_01_13_38_24_883,11
right_2016_12_01_13_36_40_529,11
left_2016_12_01_13_42_53_827,14
left_2016_12_01_13_42_10_638,14
right_2016_12_01_13_46_07_314,9
center_2016_12_01_13_44_14_270,11
right_2016_12_01_13_33_58_227,9
right_2016_12_01_13_36_53_722,12
right_2016_12_01_13_43_36_648,10
center_2016_12_01_13_36_36_255,17
right_2016_12_01_13_42_49_567,8
left_2016_12_01_13_42_31_231,14
left_2016_12_01_13_38_53_163,23
center_2016_12_01_13_34_28_299,15
left_2016_12_01_13_33_44_300,18
left_2016_12_01_13_41_02_527,17
right_2016_12_01_13_32_56_191,10
left_2016_12_01_13_43_37_561,20
right_2016_12_01_13_38_25_590,11
center_2016_12_01_13_38_26_602,5
left_2016_12_01_13_33_58_735,18
center_2016_12_01_13_43_34_608,12
right_2016_12_01_13_38_52_757,14
left_2016_12_01_13_46_24_110,17
right_2016_12_01_13_42_26_376,8
right_2016_12_01_13_33_55_793,10
right_2016_12_01_13_32_59_325,14
right_2016_12_01_13_35_51_249,12
left_2016_12_01_13_45_44_815,18
left_2016_12_01_13_45_04_188,21
left_2016_12_01_13_41_10_023,16
center_2016_12_01_13_41_47_598,11
center_2016_12_01_13_34_05_740,18
right_2016_12_01_13_38_52_046,15
right_2016_12_01_13_42_32_449,10
left_2016_12_01_13_45_13_420,13
right_2016_12_01_13_46_00_016,10
right_2016_12_01_13_45_10_993,11
center_2016_12_01_13_39_47_715,17
left_2016_12_01_13_35_09_352,20
right_2016_12_01_13_44_49_823,12
right_2016_12_01_13_45_18_369,13
left_2016_12_01_13_38_24_074,20
center_2016_12_01_13_33_36_904,14
center_2016_12_01_13_41_36_264,14
right_2016_12_01_13_45_03_786,8
left_2016_12_01_13_44_01_925,20
right_2016_12_01_13_37_44_397,12
right_2016_12_01_13_42_32_045,8
left_2016_12_01_13_45_43_596,21
left_2016_12_01_13_36_14_438,17
right_2016_12_01_13_44_56_146,9
left_2016_12_01_13_39_26_206,16
center_2016_12_01_13_42_57_992,17
left_2016_12_01_13_44_42_031,17
right_2016_12_01_13_34_48_379,11
right_2016_12_01_13_42_22_724,11
center_2016_12_01_13_38_26_906,22
left_2016_12_01_13_36_23_759,18
center_2016_12_01_13_36_42_958,14
right_2016_12_01_13_37_16_773,13
left_2016_12_01_13_33_56_301,5
center_2016_12_01_13_35_53_578,17
left_2016_12_01_13_43_23_733,18
left_2016_12_01_13_34_07_363,16
center_2016_12_01_13_42_45_821,14
center_2016_12_01_13_35_22_287,15
left_2016_12_01_13_41_45_473,17
left_2016_12_01_13_35_48_922,20
center_2016_12_01_13_42_53_625,15
center_2016_12_01_13_36_27_720,17
center_2016_12_01_13_38_25_893,20
center_2016_12_01_13_40_54_094,19
left_2016_12_01_13_41_51_746,18
left_2016_12_01_13_35_22_797,18
right_2016_12_01_13_38_06_234,12
left_2016_12_01_13_37_42_679,19
center_2016_12_01_13_44_06_792,14
center_2016_12_01_13_35_25_656,17
right_2016_12_01_13_45_20_089,14
left_2016_12_01_13_37_27_323,24
right_2016_12_01_13_42_36_403,9
left_2016_12_01_13_45_26_581,15
left_2016_12_01_13_35_35_878,11
right_2016_12_01_13_36_54_227,20
center_2016_12_01_13_44_31_808,14
center_2016_12_01_13_35_22_183,13
right_2016_12_01_13_45_11_803,8
center_2016_12_01_13_38_30_847,17
right_2016_12_01_13_35_12_939,13
right_2016_12_01_13_40_46_798,10
center_2016_12_01_13_44_59_522,14
left_2016_12_01_13_34_39_371,17
center_2016_12_01_13_35_47_104,19
left_2016_12_01_13_43_31_963,11
left_2016_12_01_13_35_19_848,15
left_2016_12_01_13_33_10_479,16
right_2016_12_01_13_45_26_379,10
right_2016_12_01_13_36_57_767,17
right_2016_12_01_13_37_17_891,14
left_2016_12_01_13_42_09_011,9
center_2016_12_01_13_32_57_507,16
right_2016_12_01_13_37_14_748,13
right_2016_12_01_13_40_48_024,10
center_2016_12_01_13_39_31_473,14
center_2016_12_01_13_44_47_297,18
left_2016_12_01_13_46_35_787,20
left_2016_12_01_13_44_31_506,11
right_2016_12_01_13_45_07_838,20
right_2016_12_01_13_43_14_910,11
left_2016_12_01_13_45_55_879,21
right_2016_12_01_13_36_11_911,12
right_2016_12_01_13_39_44_959,14
center_2016_12_01_13_35_53_475,17
left_2016_12_01_13_45_00_946,14
left_2016_12_01_13_37_55_149,17
left_2016_12_01_13_34_24_353,20
right_2016_12_01_13_46_22_168,11
left_2016_12_01_13_41_09_617,16
center_2016_12_01_13_39_09_514,16
right_2016_12_01_13_40_52_477,8
center_2016_12_01_13_44_40_206,11
right_2016_12_01_13_33_43_290,15
left_2016_12_01_13_45_00_339,17
left_2016_12_01_13_39_41_307,18
right_2016_12_01_13_45_13_320,11
left_2016_12_01_13_42_16_827,21
left_2016_12_01_13_35_21_370,15
left_2016_12_01_13_38_04_718,14
left_2016_12_01_13_39_28_935,17
left_2016_12_01_13_42_05_662,13
right_2016_12_01_13_44_44_355,14
left_2016_12_01_13_36_44_371,20
left_2016_12_01_13_41_44_362,17
left_2016_12_01_13_33_38_119,16
center_2016_12_01_13_33_27_772,17
left_2016_12_01_13_37_59_214,20
right_2016_12_01_13_37_51_698,6
center_2016_12_01_13_33_13_113,13
left_2016_12_01_13_39_07_890,19
center_2016_12_01_13_37_59_418,19
center_2016_12_01_13_39_12_958,19
left_2016_12_01_13_33_29_493,18
center_2016_12_01_13_37_29_850,14
center_2016_12_01_13_45_48_272,12
left_2016_12_01_13_39_29_341,20
left_2016_12_01_13_34_58_714,19
center_2016_12_01_13_33_10_682,14
center_2016_12_01_13_45_34_674,15
center_2016_12_01_13_43_06_010,13
right_2016_12_01_13_34_11_607,14
center_2016_12_01_13_33_48_380,19
center_2016_12_01_13_41_09_718,13
right_2016_12_01_13_44_19_240,11
right_2016_12_01_13_36_00_077,14
right_2016_12_01_13_34_06_352,14
left_2016_12_01_13_44_02_129,18
right_2016_12_01_13_45_17_356,19
right_2016_12_01_13_39_40_902,11
center_2016_12_01_13_33_18_073,16
right_2016_12_01_13_42_19_663,15
center_2016_12_01_13_46_15_128,10
left_2016_12_01_13_38_06_133,16
right_2016_12_01_13_45_32_553,13
right_2016_12_01_13_39_33_094,14
right_2016_12_01_13_37_59_418,18
right_2016_12_01_13_42_18_344,6
left_2016_12_01_13_45_38_017,9
right_2016_12_01_13_45_14_027,16
left_2016_12_01_13_39_14_472,21
right_2016_12_01_13_41_02_629,7
right_2016_12_01_13_39_03_021,15
right_2016_12_01_13_42_14_503,11
center_2016_12_01_13_45_12_917,16
left_2016_12_01_13_35_09_252,20
left_2016_12_01_13_45_07_432,21
right_2016_12_01_13_35_20_558,12
center_2016_12_01_13_45_40_859,15
right_2016_12_01_13_32_49_514,12
right_2016_12_01_13_33_07_936,17
center_2016_12_01_13_34_58_816,20
center_2016_12_01_13_43_54_397,10
right_2016_12_01_13_35_53_375,14
center_2016_12_01_13_43_59_483,15
right_2016_12_01_13_38_24_781,14
center_2016_12_01_13_45_38_220,12
center_2016_12_01_13_39_52_599,13
left_2016_12_01_13_44_21_989,19
center_2016_12_01_13_43_11_166,11
center_2016_12_01_13_42_38_529,11
left_2016_12_01_13_39_36_040,20
right_2016_12_01_13_44_32_418,13
left_2016_12_01_13_43_34_300,11
center_2016_12_01_13_42_53_725,13
right_2016_12_01_13_46_08_631,12
left_2016_12_01_13_43_36_137,16
center_2016_12_01_13_39_49_551,15
center_2016_12_01_13_44_35_954,15
left_2016_12_01_13_39_20_136,22
center_2016_12_01_13_36_26_906,13
right_2016_12_01_13_34_00_668,12
center_2016_12_01_13_41_02_831,11
left_2016_12_01_13_33_14_534,19
right_2016_12_01_13_36_36_460,15
right_2016_12_01_13_35_32_850,12
center_2016_12_01_13_46_21_246,10
right_2016_12_01_13_35_17_415,11
left_2016_12_01_13_45_44_409,10
left_2016_12_01_13_42_42_787,16
right_2016_12_01_13_35_19_951,9
right_2016_12_01_13_39_13_565,12
center_2016_12_01_13_39_31_371,16
left_2016_12_01_13_34_26_070,22
right_2016_12_01_13_39_50_571,13
right_2016_12_01_13_44_23_004,11
left_2016_12_01_13_39_18_313,18
center_2016_12_01_13_34_05_335,17
center_2016_12_01_13_42_58_198,14
left_2016_12_01_13_35_13_248,20
center_2016_12_01_13_43_11_672,11
center_2016_12_01_13_36_03_314,16
left_2016_12_01_13_42_09_215,14
right_2016_12_01_13_32_53_156,9
left_2016_12_01_13_38_02_385,18
left_2016_12_01_13_37_36_110,20
right_2016_12_01_13_33_43_592,14
left_2016_12_01_13_32_44_064,19
center_2016_12_01_13_38_24_680,20
left_2016_12_01_13_43_18_251,17
center_2016_12_01_13_36_24_771,16
left_2016_12_01_13_37_14_545,20
center_2016_12_01_13_44_33_937,13
left_2016_12_01_13_41_45_171,16
left_2016_12_01_13_34_11_406,20
right_2016_12_01_13_43_35_627,12
left_2016_12_01_13_41_51_444,24
center_2016_12_01_13_37_34_795,17
left_2016_12_01_13_35_53_171,24
left_2016_12_01_13_45_26_174,17
center_2016_12_01_13_36_03_112,16
right_2016_12_01_13_34_57_289,12
right_2016_12_01_13_34_05_436,16
center_2016_12_01_13_43_41_713,16
center_2016_12_01_13_37_46_422,15
right_2016_12_01_13_36_36_357,14
right_2016_12_01_13_37_29_951,10
left_2016_12_01_13_39_37_462,18
right_2016_12_01_13_43_34_505,14
right_2016_12_01_13_46_01_745,10
left_2016_12_01_13_36_34_420,23
center_2016_12_01_13_39_45_776,18
left_2016_12_01_13_34_37_957,23
center_2016_12_01_13_34_38_562,14
left_2016_12_01_13_34_08_781,18
right_2016_12_01_13_33_46_448,14
center_2016_12_01_13_43_50_150,13
right_2016_12_01_13_41_35_050,14
right_2016_12_01_13_38_13_643,11
right_2016_12_01_13_35_07_730,12
left_2016_12_01_13_39_20_238,19
center_2016_12_01_13_41_08_091,13
center_2016_12_01_13_43_36_342,14
right_2016_12_01_13_38_50_716,15
right_2016_12_01_13_45_44_917,12
center_2016_12_01_13_41_08_193,13
center_2016_12_01_13_39_39_282,18
right_2016_12_01_13_40_08_544,11
left_2016_12_01_13_33_57_212,20
left_2016_12_01_13_42_42_888,16
left_2016_12_01_13_34_05_942,20
left_2016_12_01_13_45_27_187,17
left_2016_12_01_13_40_05_808,17
left_2016_12_01_13_43_11_978,15
center_2016_12_01_13_43_33_994,15
left_2016_12_01_13_37_58_809,20
center_2016_12_01_13_39_28_024,11
center_2016_12_01_13_37_55_962,16
center_2016_12_01_13_42_37_822,14
left_2016_12_01_13_33_48_886,20
right_2016_12_01_13_44_31_000,11
center_2016_12_01_13_43_05_197,11
right_2016_12_01_13_39_05_463,12
left_2016_12_01_13_35_51_552,17
left_2016_12_01_13_32_57_304,17
right_2016_12_01_13_41_45_069,10
left_2016_12_01_13_41_18_836,17
center_2016_12_01_13_33_18_375,17
center_2016_12_01_13_36_44_270,7
left_2016_12_01_13_38_08_567,23
center_2016_12_01_13_36_51_795,15
right_2016_12_01_13_41_50_328,9
left_2016_12_01_13_46_29_196,17
center_2016_12_01_13_43_49_442,13
center_2016_12_01_13_37_13_738,16
right_2016_12_01_13_35_51_452,15
left_2016_12_01_13_44_43_346,25
left_2016_12_01_13_38_09_379,27
left_2016_12_01_13_37_17_275,19
center_2016_12_01_13_43_38_072,15
left_2016_12_01_13_43_50_555,17
left_2016_12_01_13_35_35_172,20
left_2016_12_01_13_39_21_053,20
right_2016_12_01_13_35_45_072,12
center_2016_12_01_13_36_51_594,15
left_2016_12_01_13_37_29_144,20
left_2016_12_01_13_43_57_545,15
right_2016_12_01_13_35_18_227,11
left_2016_12_01_13_43_31_047,16
center_2016_12_01_13_41_13_566,12
left_2016_12_01_13_44_14_068,17
right_2016_12_01_13_45_03_987,6
left_2016_12_01_13_46_22_168,14
left_2016_12_01_13_34_37_348,20
center_2016_12_01_13_33_54_577,9
right_2016_12_01_13_42_37_722,8
right_2016_12_01_13_43_54_094,6
left_2016_12_01_13_33_15_644,16
right_2016_12_01_13_38_25_388,11
right_2016_12_01_13_36_55_037,16
left_2016_12_01_13_42_18_446,21
left_2016_12_01_13_43_36_954,18
center_2016_12_01_13_36_36_971,15
right_2016_12_01_13_43_17_645,11
center_2016_12_01_13_43_36_954,15
left_2016_12_01_13_43_51_671,14
left_2016_12_01_13_42_35_591,15
right_2016_12_01_13_36_07_159,12
center_2016_12_01_13_36_24_671,16
center_2016_12_01_13_44_36_863,16
center_2016_12_01_13_43_38_883,12
right_2016_12_01_13_41_19_542,12
center_2016_12_01_13_33_36_098,15
left_2016_12_01_13_34_21_615,18
right_2016_12_01_13_41_18_431,14
right_2016_12_01_13_43_22_814,5
center_2016_12_01_13_40_58_774,14
left_2016_12_01_13_35_10_066,23
center_2016_12_01_13_32_53_257,18
center_2016_12_01_13_44_24_828,14
left_2016_12_01_13_36_54_936,20
center_2016_12_01_13_45_57_392,11
right_2016_12_01_13_38_08_061,10
left_2016_12_01_13_43_16_532,18
center_2016_12_01_13_38_04_819,14
center_2016_12_01_13_46_04_074,13
left_2016_12_01_13_40_47_515,21
center_2016_12_01_13_33_04_789,19
left_2016_12_01_13_33_27_772,18
right_2016_12_01_13_36_34_215,16
right_2016_12_01_13_37_25_597,14
center_2016_12_01_13_36_24_366,15
right_2016_12_01_13_44_06_994,6
center_2016_12_01_13_33_02_966,18
left_2016_12_01_13_35_25_656,19
center_2016_12_01_13_39_46_282,16
left_2016_12_01_13_34_48_074,17
center_2016_12_01_13_37_17_682,17
left_2016_12_01_13_33_50_517,21
left_2016_12_01_13_39_59_498,17
right_2016_12_01_13_35_31_433,16
center_2016_12_01_13_34_32_472,16
left_2016_12_01_13_40_59_686,14
left_2016_12_01_13_46_12_385,18
left_2016_12_01_13_34_35_118,20
left_2016_12_01_13_35_17_415,14
right_2016_12_01_13_42_19_866,13
center_2016_12_01_13_35_31_939,16
right_2016_12_01_13_33_14_636,10
right_2016_12_01_13_45_36_598,12
right_2016_12_01_13_33_09_155,10
center_2016_12_01_13_34_09_285,20
left_2016_12_01_13_42_19_460,19
center_2016_12_01_13_44_38_790,12
left_2016_12_01_13_36_57_969,20
right_2016_12_01_13_37_49_163,11
right_2016_12_01_13_35_21_878,9
left_2016_12_01_13_40_54_800,23
left_2016_12_01_13_42_10_334,14
left_2016_12_01_13_41_53_473,16
center_2016_12_01_13_33_52_139,14
left_2016_12_01_13_41_26_528,18
left_2016_12_01_13_37_10_814,15
right_2016_12_01_13_45_17_962,8
right_2016_12_01_13_37_39_541,10
center_2016_12_01_13_42_01_078,14
center_2016_12_01_13_45_23_739,16
left_2016_12_01_13_41_39_308,13
center_2016_12_01_13_35_04_786,16
left_2016_12_01_13_44_36_761,15
center_2016_12_01_13_32_55_888,15
center_2016_12_01_13_46_23_702,9
left_2016_12_01_13_44_01_622,16
left_2016_12_01_13_45_29_825,16
center_2016_12_01_13_35_07_422,16
left_2016_12_01_13_33_04_891,21
left_2016_12_01_13_43_17_038,18
right_2016_12_01_13_46_03_872,8
right_2016_12_01_13_37_58_095,14
right_2016_12_01_13_42_06_172,11
left_2016_12_01_13_42_18_344,16
center_2016_12_01_13_44_58_602,15
left_2016_12_01_13_37_13_536,18
center_2016_12_01_13_32_54_472,17
center_2016_12_01_13_34_07_669,18
center_2016_12_01_13_35_12_939,17
right_2016_12_01_13_45_43_494,15
left_2016_12_01_13_36_43_058,17
left_2016_12_01_13_36_20_912,18
right_2016_12_01_13_38_09_480,6
left_2016_12_01_13_37_42_173,18
center_2016_12_01_13_42_12_166,13
right_2016_12_01_13_42_27_389,8
left_2016_12_01_13_44_04_363,15
center_2016_12_01_13_32_48_402,5
right_2016_12_01_13_34_01_072,13
right_2016_12_01_13_33_05_092,14
right_2016_12_01_13_42_06_878,11
left_2016_12_01_13_36_19_595,19
right_2016_12_01_13_41_14_877,11
right_2016_12_01_13_43_17_745,11
center_2016_12_01_13_34_38_460,16
right_2016_12_01_13_44_11_037,8
left_2016_12_01_13_35_31_229,23
right_2016_12_01_13_40_54_598,20
left_2016_12_01_13_37_23_473,19
center_2016_12_01_13_43_31_863,10
left_2016_12_01_13_41_47_903,18
right_2016_12_01_13_33_02_966,13
left_2016_12_01_13_41_18_329,20
right_2016_12_01_13_34_53_844,6
center_2016_12_01_13_43_08_842,13
center_2016_12_01_13_41_55_091,15
left_2016_12_01_13_41_58_834,20
left_2016_12_01_13_36_43_968,20
center_2016_12_01_13_41_54_587,14
right_2016_12_01_13_45_07_223,17
right_2016_12_01_13_43_23_019,8
right_2016_12_01_13_39_31_575,12
left_2016_12_01_13_45_18_369,18
right_2016_12_01_13_43_00_641,14
right_2016_12_01_13_43_22_610,12
right_2016_12_01_13_41_04_043,8
left_2016_12_01_13_45_03_482,17
right_2016_12_01_13_40_54_296,21
center_2016_12_01_13_39_47_307,17
right_2016_12_01_13_39_26_307,11
left_2016_12_01_13_41_38_091,20
left_2016_12_01_13_38_25_691,17
right_2016_12_01_13_44_26_146,15
right_2016_12_01_13_37_02_820,13
right_2016_12_01_13_36_36_867,13
left_2016_12_01_13_32_54_574,17
left_2016_12_01_13_41_41_023,15
center_2016_12_01_13_44_40_611,14
right_2016_12_01_13_35_04_989,16
right_2016_12_01_13_39_51_488,5
right_2016_12_01_13_38_09_989,7
right_2016_12_01_13_44_40_408,11
center_2016_12_01_13_35_01_043,15
left_2016_12_01_13_45_06_213,20
left_2016_12_01_13_41_41_833,11
center_2016_12_01_13_45_51_926,18
right_2016_12_01_13_38_27_813,6
right_2016_12_01_13_43_53_690,11
left_2016_12_01_13_39_02_412,19
right_2016_12_01_13_38_51_536,17
right_2016_12_01_13_36_51_999,14
right_2016_12_01_13_46_13_504,12
right_2016_12_01_13_37_03_530,15
center_2016_12_01_13_37_52_312,16
left_2016_12_01_13_37_15_151,20
right_2016_12_01_13_46_27_362,12
left_2016_12_01_13_38_27_209,16
left_2016_12_01_13_41_58_429,19
center_2016_12_01_13_34_08_781,14
center_2016_12_01_13_43_32_268,11
center_2016_12_01_13_36_35_237,17
right_2016_12_01_13_36_45_484,8
left_2016_12_01_13_44_34_947,15
left_2016_12_01_13_33_58_330,15
left_2016_12_01_13_35_20_358,14
left_2016_12_01_13_38_30_847,23
left_2016_12_01_13_41_41_125,17
center_2016_12_01_13_35_01_751,15
right_2016_12_01_13_34_00_970,12
right_2016_12_01_13_45_49_995,13
center_2016_12_01_13_35_32_544,20
left_2016_12_01_13_43_41_613,22
left_2016_12_01_13_45_34_270,21
right_2016_12_01_13_44_46_281,10
center_2016_12_01_13_34_38_867,14
right_2016_12_01_13_37_56_470,13
center_2016_12_01_13_38_19_219,17
left_2016_12_01_13_43_09_045,17
left_2016_12_01_13_43_57_241,13
right_2016_12_01_13_39_44_757,12
left_2016_12_01_13_38_51_024,19
left_2016_12_01_13_39_01_092,21
center_2016_12_01_13_39_44_959,18
center_2016_12_01_13_38_59_360,11
right_2016_12_01_13_39_19_933,15
center_2016_12_01_13_42_38_630,14
left_2016_12_01_13_43_31_455,11
left_2016_12_01_13_33_33_245,20
center_2016_12_01_13_33_44_811,5
left_2016_12_01_13_37_54_640,17
left_2016_12_01_13_34_41_088,13
right_2016_12_01_13_37_40_955,13
right_2016_12_01_13_35_32_951,15
left_2016_12_01_13_41_34_643,14
right_2016_12_01_13_36_08_676,14
left_2016_12_01_13_46_04_177,27
right_2016_12_01_13_42_28_604,10
right_2016_12_01_13_41_41_326,8
right_2016_12_01_13_45_57_997,10
left_2016_12_01_13_39_06_574,22
left_2016_12_01_13_46_08_833,21
center_2016_12_01_13_42_04_539,14
center_2016_12_01_13_40_57_760,17
center_2016_12_01_13_36_43_462,12
center_2016_12_01_13_36_44_877,12
center_2016_12_01_13_45_09_463,18
left_2016_12_01_13_34_18_079,17
center_2016_12_01_13_39_44_654,16
left_2016_12_01_13_34_44_532,19
right_2016_12_01_13_44_41_729,8
left_2016_12_01_13_34_38_967,16
right_2016_12_01_13_41_13_059,13
left_2016_12_01_13_41_36_162,15
right_2016_12_01_13_39_45_776,15
left_2016_12_01_13_37_03_428,4
left_2016_12_01_13_37_40_753,17
center_2016_12_01_13_35_58_858,16
center_2016_12_01_13_40_55_207,20
left_2016_12_01_13_36_34_521,20
right_2016_12_01_13_33_57_112,11
center_2016_12_01_13_33_33_245,16
center_2016_12_01_13_41_16_802,14
right_2016_12_01_13_44_46_382,8
right_2016_12_01_13_40_04_279,14
left_2016_12_01_13_39_38_574,18
right_2016_12_01_13_36_33_302,13
right_2016_12_01_13_38_38_641,11
right_2016_12_01_13_39_49_857,20
left_2016_12_01_13_45_26_379,13
left_2016_12_01_13_43_38_984,21
left_2016_12_01_13_34_40_886,20
right_2016_12_01_13_37_29_144,8
left_2016_12_01_13_37_25_901,17
right_2016_12_01_13_34_11_002,5
center_2016_12_01_13_45_38_727,18
right_2016_12_01_13_43_51_366,12
right_2016_12_01_13_40_53_994,12
center_2016_12_01_13_41_45_573,14
center_2016_12_01_13_45_56_485,12
center_2016_12_01_13_33_42_685,17
left_2016_12_01_13_43_22_508,4
right_2016_12_01_13_46_22_781,12
left_2016_12_01_13_38_15_269,19
left_2016_12_01_13_42_37_621,16
center_2016_12_01_13_33_10_173,15
left_2016_12_01_13_36_31_675,18
center_2016_12_01_13_44_47_700,16
left_2016_12_01_13_36_16_666,19
left_2016_12_01_13_39_54_132,20
center_2016_12_01_13_34_48_176,14
left_2016_12_01_13_39_48_120,20
center_2016_12_01_13_41_30_894,12
center_2016_12_01_13_36_00_077,18
left_2016_12_01_13_39_17_407,19
left_2016_12_01_13_33_10_276,18
right_2016_12_01_13_43_47_104,14
right_2016_12_01_13_45_29_825,12
right_2016_12_01_13_33_52_342,13
left_2016_12_01_13_39_08_908,18
center_2016_12_01_13_37_39_744,22
center_2016_12_01_13_42_37_520,14
left_2016_12_01_13_39_36_747,18
right_2016_12_01_13_36_41_742,11
left_2016_12_01_13_44_54_112,15
left_2016_12_01_13_45_11_803,19
right_2016_12_01_13_44_30_696,10
left_2016_12_01_13_33_17_260,15
right_2016_12_01_13_35_34_767,6
center_2016_12_01_13_34_45_339,16
center_2016_12_01_13_38_14_964,16
right_2016_12_01_13_34_49_797,10
right_2016_12_01_13_36_49_347,12
left_2016_12_01_13_36_51_695,19
left_2016_12_01_13_36_00_180,19
center_2016_12_01_13_41_46_079,10
right_2016_12_01_13_43_05_906,9
right_2016_12_01_13_39_40_496,12
right_2016_12_01_13_38_30_746,14
left_2016_12_01_13_32_43_963,19
left_2016_12_01_13_37_40_955,18
right_2016_12_01_13_35_53_273,12
center_2016_12_01_13_33_38_018,15
center_2016_12_01_13_37_17_478,17
left_2016_12_01_13_35_49_125,20
left_2016_12_01_13_42_30_627,16
right_2016_12_01_13_35_04_383,12
center_2016_12_01_13_43_12_687,13
right_2016_12_01_13_33_46_245,15
left_2016_12_01_13_45_54_357,17
left_2016_12_01_13_37_43_787,17
left_2016_12_01_13_38_02_080,16
center_2016_12_01_13_46_02_049,17
right_2016_12_01_13_35_17_618,11
right_2016_12_01_13_35_29_206,11
left_2016_12_01_13_32_43_558,19
left_2016_12_01_13_43_53_389,11
right_2016_12_01_13_38_07_046,11
right_2016_12_01_13_41_10_226,9
center_2016_12_01_13_46_13_504,13
right_2016_12_01_13_37_29_043,8
center_2016_12_01_13_44_55_031,12
right_2016_12_01_13_32_46_285,12
right_2016_12_01_13_46_22_371,12
right_2016_12_01_13_42_38_833,12
left_2016_12_01_13_42_41_367,17
left_2016_12_01_13_41_41_631,16
left_2016_12_01_13_46_26_753,19
right_2016_12_01_13_45_41_468,12
left_2016_12_01_13_35_58_858,19
left_2016_12_01_13_34_49_291,20
left_2016_12_01_13_40_04_790,21
right_2016_12_01_13_41_17_006,11
left_2016_12_01_13_33_28_177,19
left_2016_12_01_13_45_25_567,20
center_2016_12_01_13_44_49_215,13
left_2016_12_01_13_32_58_012,18
right_2016_12_01_13_45_21_406,8
right_2016_12_01_13_37_03_731,8
left_2016_12_01_13_42_26_578,18
right_2016_12_01_13_36_30_360,13
right_2016_12_01_13_43_25_762,10
center_2016_12_01_13_35_09_149,19
right_2016_12_01_13_38_59_259,14
right_2016_12_01_13_32_59_628,11
right_2016_12_01_13_41_43_556,11
center_2016_12_01_13_34_54_249,18
right_2016_12_01_13_41_54_989,12
center_2016_12_01_13_41_15_483,14
center_2016_12_01_13_40_52_376,16
left_2016_12_01_13_35_50_946,21
right_2016_12_01_13_43_31_047,11
left_2016_12_01_13_37_59_011,20
left_2016_12_01_13_35_09_149,21
right_2016_12_01_13_38_13_437,12
left_2016_12_01_13_33_39_442,20
center_2016_12_01_13_45_17_556,7
center_2016_12_01_13_33_25_246,17
left_2016_12_01_13_33_53_358,20
center_2016_12_01_13_43_06_919,17
center_2016_12_01_13_44_40_105,14
left_2016_12_01_13_45_07_534,22
center_2016_12_01_13_33_03_574,13
center_2016_12_01_13_45_12_211,13
right_2016_12_01_13_40_02_142,14
right_2016_12_01_13_37_41_968,10
left_2016_12_01_13_33_55_184,16
right_2016_12_01_13_40_07_535,19
center_2016_12_01_13_45_41_570,11
right_2016_12_01_13_41_08_296,8
left_2016_12_01_13_40_55_413,20
center_2016_12_01_13_32_53_764,6
right_2016_12_01_13_39_30_863,20
right_2016_12_01_13_41_30_794,11
left_2016_12_01_13_45_54_863,16
left_2016_12_01_13_34_11_709,19
center_2016_12_01_13_44_07_398,13
right_2016_12_01_13_42_05_970,11
right_2016_12_01_13_34_31_555,14
center_2016_12_01_13_34_30_131,18
left_2016_12_01_13_44_40_206,16
right_2016_12_01_13_39_48_222,14
center_2016_12_01_13_32_51_740,6
left_2016_12_01_13_42_26_782,9
right_2016_12_01_13_34_12_112,10
center_2016_12_01_13_33_03_271,17
center_2016_12_01_13_44_35_854,13
left_2016_12_01_13_34_38_460,21
center_2016_12_01_13_32_54_371,16
center_2016_12_01_13_36_45_689,12
right_2016_12_01_13_34_24_857,17
center_2016_12_01_13_43_01_959,15
center_2016_12_01_13_46_24_415,8
left_2016_12_01_13_33_06_209,17
right_2016_12_01_13_42_40_659,11
center_2016_12_01_13_34_44_934,15
right_2016_12_01_13_39_51_080,14
right_2016_12_01_13_37_50_279,12
center_2016_12_01_13_45_07_534,21
right_2016_12_01_13_40_57_760,11
left_2016_12_01_13_43_09_548,17
right_2016_12_01_13_40_55_105,20
center_2016_12_01_13_41_39_711,10
center_2016_12_01_13_34_05_841,18
center_2016_12_01_13_39_21_255,16
left_2016_12_01_13_36_45_484,20
right_2016_12_01_13_41_43_859,10
left_2016_12_01_13_33_37_918,20
right_2016_12_01_13_45_16_652,12
right_2016_12_01_13_41_05_963,12
center_2016_12_01_13_46_20_434,14
left_2016_12_01_13_42_00_977,16
right_2016_12_01_13_45_35_180,12
left_2016_12_01_13_32_52_045,20
center_2016_12_01_13_35_32_850,19
left_2016_12_01_13_41_15_685,16
right_2016_12_01_13_34_30_029,15
left_2016_12_01_13_40_59_483,18
center_2016_12_01_13_42_10_029,10
left_2016_12_01_13_42_10_230,6
right_2016_12_01_13_33_47_160,20
left_2016_12_01_13_34_55_369,16
left_2016_12_01_13_39_36_853,14
center_2016_12_01_13_45_21_303,6
center_2016_12_01_13_33_03_371,17
center_2016_12_01_13_42_21_703,14
center_2016_12_01_13_35_04_585,19
left_2016_12_01_13_31_13_584,17
center_2016_12_01_13_39_30_965,16
left_2016_12_01_13_43_15_112,14
left_2016_12_01_13_36_59_586,24
center_2016_12_01_13_40_02_752,18
right_2016_12_01_13_42_03_731,5
right_2016_12_01_13_37_15_151,14
left_2016_12_01_13_34_45_237,21
center_2016_12_01_13_33_45_117,17
center_2016_12_01_13_44_40_408,10
right_2016_12_01_13_45_37_509,13
left_2016_12_01_13_38_51_126,17
center_2016_12_01_13_38_09_379,13
center_2016_12_01_13_41_36_467,15
right_2016_12_01_13_37_53_325,17
center_2016_12_01_13_33_35_172,16
center_2016_12_01_13_34_38_967,16
left_2016_12_01_13_45_58_097,18
center_2016_12_01_13_41_45_069,14
right_2016_12_01_13_44_59_113,13
right_2016_12_01_13_43_47_613,14
left_2016_12_01_13_43_22_916,20
left_2016_12_01_13_34_28_097,17
center_2016_12_01_13_38_35_196,16
center_2016_12_01_13_42_06_375,10
right_2016_12_01_13_35_34_868,20
left_2016_12_01_13_33_04_689,22
left_2016_12_01_13_41_04_651,20
left_2016_12_01_13_35_44_869,20
left_2016_12_01_13_39_28_126,21
left_2016_12_01_13_44_22_901,17
left_2016_12_01_13_35_30_120,22
center_2016_12_01_13_41_14_270,15
left_2016_12_01_13_33_56_505,20
left_2016_12_01_13_36_42_654,13
right_2016_12_01_13_42_09_827,12
left_2016_12_01_13_39_29_747,20
right_2016_12_01_13_33_10_579,9
left_2016_12_01_13_33_48_481,19
right_2016_12_01_13_40_06_623,20
center_2016_12_01_13_45_51_824,13
center_2016_12_01_13_36_29_552,15
center_2016_12_01_13_36_18_989,15
right_2016_12_01_13_44_58_602,14
left_2016_12_01_13_42_36_199,22
left_2016_12_01_13_42_29_917,15
center_2016_12_01_13_36_25_277,16
right_2016_12_01_13_45_53_038,8
left_2016_12_01_13_45_31_037,18
center_2016_12_01_13_34_46_963,14
right_2016_12_01_13_36_32_486,17
center_2016_12_01_13_38_22_454,17
right_2016_12_01_13_35_40_119,11
left_2016_12_01_13_38_30_948,17
center_2016_12_01_13_36_19_089,13
right_2016_12_01_13_45_10_891,10
left_2016_12_01_13_44_07_499,16
right_2016_12_01_13_39_34_207,12
center_2016_12_01_13_40_53_793,17
right_2016_12_01_13_37_17_376,15
right_2016_12_01_13_41_25_714,11
left_2016_12_01_13_33_51_223,17
left_2016_12_01_13_38_30_746,20
center_2016_12_01_13_33_08_649,17
left_2016_12_01_13_33_59_447,21
right_2016_12_01_13_41_13_767,12
center_2016_12_01_13_36_49_347,13
right_2016_12_01_13_35_10_166,14
left_2016_12_01_13_36_05_640,13
center_2016_12_01_13_39_55_346,14
right_2016_12_01_13_42_06_778,9
left_2016_12_01_13_46_12_183,17
left_2016_12_01_13_34_57_697,17
left_2016_12_01_13_46_17_787,16
center_2016_12_01_13_39_49_754,20
left_2016_12_01_13_46_12_587,20
left_2016_12_01_13_34_39_068,18
left_2016_12_01_13_45_05_709,23
left_2016_12_01_13_45_39_235,14
left_2016_12_01_13_33_09_970,18
left_2016_12_01_13_35_24_534,13
left_2016_12_01_13_34_23_339,20
center_2016_12_01_13_33_17_971,21
right_2016_12_01_13_45_09_157,13
center_2016_12_01_13_41_05_762,11
center_2016_12_01_13_41_31_606,17
center_2016_12_01_13_43_12_382,13
center_2016_12_01_13_32_45_780,15
left_2016_12_01_13_42_22_519,15
left_2016_12_01_13_39_19_630,17
right_2016_12_01_13_42_50_782,11
center_2016_12_01_13_39_21_457,16
right_2016_12_01_13_45_06_919,9
left_2016_12_01_13_35_18_531,14
right_2016_12_01_13_38_47_157,5
left_2016_12_01_13_44_57_475,17
right_2016_12_01_13_37_51_899,11
right_2016_12_01_13_43_27_898,14
left_2016_12_01_13_42_28_502,6
right_2016_12_01_13_36_26_906,14
left_2016_12_01_13_37_46_522,19
right_2016_12_01_13_42_25_969,11
center_2016_12_01_13_44_04_363,13
center_2016_12_01_13_42_42_888,11
center_2016_12_01_13_46_22_580,14
left_2016_12_01_13_44_34_240,9
left_2016_12_01_13_45_49_389,16
right_2016_12_01_13_41_59_645,14
center_2016_12_01_13_43_08_436,13
left_2016_12_01_13_42_29_211,9
left_2016_12_01_13_44_25_844,20
right_2016_12_01_13_34_06_252,19
right_2016_12_01_13_43_44_243,15
left_2016_12_01_13_35_09_047,22
center_2016_12_01_13_39_37_764,15
right_2016_12_01_13_33_32_638,13
left_2016_12_01_13_45_12_311,21
right_2016_12_01_13_45_05_912,6
right_2016_12_01_13_33_43_491,14
center_2016_12_01_13_33_37_716,17
right_2016_12_01_13_34_30_439,15
right_2016_12_01_13_32_48_302,8
center_2016_12_01_13_41_47_293,12
center_2016_12_01_13_35_50_340,15
center_2016_12_01_13_39_10_931,17
center_2016_12_01_13_41_45_674,14
center_2016_12_01_13_39_09_614,15
center_2016_12_01_13_32_57_203,17
right_2016_12_01_13_32_56_393,12
center_2016_12_01_13_42_11_761,14
left_2016_12_01_13_33_38_933,18
center_2016_12_01_13_32_57_405,16
center_2016_12_01_13_42_38_025,13
left_2016_12_01_13_46_04_380,16
left_2016_12_01_13_35_28_397,22
left_2016_12_01_13_41_41_935,18
center_2016_12_01_13_43_34_198,11
left_2016_12_01_13_36_08_576,21
left_2016_12_01_13_35_19_746,8
right_2016_12_01_13_37_59_635,6
center_2016_12_01_13_34_07_060,18
center_2016_12_01_13_36_46_706,14
left_2016_12_01_13_37_17_782,20
center_2016_12_01_13_39_39_990,13
right_2016_12_01_13_37_26_105,13
center_2016_12_01_13_43_06_614,12
center_2016_12_01_13_41_38_800,12
left_2016_12_01_13_39_47_612,17
center_2016_12_01_13_44_54_624,13
right_2016_12_01_13_43_23_631,4
center_2016_12_01_13_35_47_510,17
right_2016_12_01_13_35_03_170,11
left_2016_12_01_13_43_55_003,13
left_2016_12_01_13_38_25_388,14
left_2016_12_01_13_46_22_580,14
left_2016_12_01_13_41_13_767,14
right_2016_12_01_13_35_18_126,11
center_2016_12_01_13_33_20_497,13
left_2016_12_01_13_46_19_314,14
left_2016_12_01_13_42_08_706,11
center_2016_12_01_13_34_43_924,21
right_2016_12_01_13_37_57_587,14
right_2016_12_01_13_41_06_164,8
center_2016_12_01_13_42_22_519,12
right_2016_12_01_13_36_45_586,9
left_2016_12_01_13_45_34_776,17
center_2016_12_01_13_35_32_343,14
right_2016_12_01_13_44_07_499,11
right_2016_12_01_13_36_34_623,14
center_2016_12_01_13_33_47_463,16
center_2016_12_01_13_43_23_121,17
right_2016_12_01_13_43_02_971,12
center_2016_12_01_13_44_57_475,13
right_2016_12_01_13_41_54_788,12
center_2016_12_01_13_43_38_581,10
right_2016_12_01_13_39_32_080,9
center_2016_12_01_13_36_24_064,16
right_2016_12_01_13_46_09_848,14
right_2016_12_01_13_42_10_334,11
right_2016_12_01_13_38_49_699,13
center_2016_12_01_13_41_04_954,14
left_2016_12_01_13_33_18_173,19
left_2016_12_01_13_46_33_357,16
left_2016_12_01_13_45_37_003,16
center_2016_12_01_13_42_17_737,15
center_2016_12_01_13_42_42_686,14
center_2016_12_01_13_34_06_960,16
left_2016_12_01_13_37_21_035,19
left_2016_12_01_13_33_51_530,17
right_2016_12_01_13_39_27_318,27
left_2016_12_01_13_34_29_927,20
right_2016_12_01_13_44_36_661,12
left_2016_12_01_13_39_46_181,19
right_2016_12_01_13_45_52_834,7
left_2016_12_01_13_45_10_993,17
left_2016_12_01_13_34_06_352,20
right_2016_12_01_13_45_58_602,10
left_2016_12_01_13_43_38_682,12
left_2016_12_01_13_36_49_654,22
left_2016_12_01_13_38_48_175,19
left_2016_12_01_13_39_22_668,18
center_2016_12_01_13_43_33_789,12
left_2016_12_01_13_36_57_464,20
center_2016_12_01_13_40_06_215,13
center_2016_12_01_13_45_20_089,14
center_2016_12_01_13_36_24_872,16
right_2016_12_01_13_36_27_619,17
right_2016_12_01_13_40_59_586,9
right_2016_12_01_13_44_49_316,13
right_2016_12_01_13_41_58_226,11
left_2016_12_01_13_33_06_310,21
left_2016_12_01_13_38_48_786,18
center_2016_12_01_13_39_37_260,13
left_2016_12_01_13_39_21_154,20
right_2016_12_01_13_37_48_756,15
left_2016_12_01_13_44_37_472,20
left_2016_12_01_13_41_30_692,10
center_2016_12_01_13_39_03_231,14
center_2016_12_01_13_39_57_475,11
center_2016_12_01_13_39_36_140,20
right_2016_12_01_13_37_42_376,11
center_2016_12_01_13_44_57_885,12
right_2016_12_01_13_42_26_274,11
right_2016_12_01_13_36_43_260,11
center_2016_12_01_13_37_59_113,24
right_2016_12_01_13_42_22_519,11
right_2016_12_01_13_36_30_563,12
center_2016_12_01_13_40_02_041,16
center_2016_12_01_13_39_33_600,13
right_2016_12_01_13_39_44_858,13
center_2016_12_01_13_38_51_331,20
